"","ts","E","T","F","ph","p","Shift","RawMaterialD50","RawMaterialDensity","RawMaterialSupplier.Group.1","RawMaterialSupplier.x","Quality","shift_num"
"1",2020-01-01 00:00:00,1229.5610,119.5745, 99.57925,8.062912,11.95769,"A",50.38038,12.646730,  1,2 3,1.192864,  1
"13",2020-01-01 12:00:00,1258.5960,119.9290, 99.17164,8.077394,11.99329,"B",51.81156,12.091906,  2,3 2,1.187565,  2
"25",2020-01-02 00:00:00,1287.8206,122.0244,100.08960,7.702536,12.21573,"C",52.42295,13.262900,  3,2,1.154520,  3
"37",2020-01-02 12:00:00,1301.9775,120.1564, 99.50634,8.519843,12.01778,"D",50.13668,10.883721,  4,2 3,1.170775,  4
"49",2020-01-03 00:00:00,1286.8206,120.0133, 99.12992,8.130042,11.99141,"A",48.57044,10.945490,  5,3 1,1.195346,  5
"61",2020-01-03 12:00:00,1269.2236,121.6206,103.14527,7.599462,12.16437,"B",55.24552,14.335963,  6,1 2,1.182633,  6
"73",2020-01-04 00:00:00,1332.6024,122.7385,107.29523,7.480510,12.27974,"C",51.66479,13.306772,  7,2,1.158098,  7
"85",2020-01-04 12:00:00,1491.8847,123.3537, 83.17624,8.227434,12.32865,"D",51.68588,11.591585,  8,2,1.055251,  8
"97",2020-01-05 00:00:00,1720.8673,122.3476, 96.54916,7.613200,12.23468,"A",52.11176,12.316612,  9,2,1.133939,  9
"109",2020-01-05 12:00:00,1839.3818,121.0593, 95.54544,6.615413,12.10321,"B",49.58597,13.803221, 10,2,1.216422, 10
"121",2020-01-06 00:00:00,2193.5160,120.9995, 95.78080,6.595345,12.09051,"C",50.98650,10.558540, 11,3 1,1.149700, 11
"133",2020-01-06 12:00:00,1973.2650,119.6184, 94.57314,6.618297,11.96293,"D",49.87155,12.449168, 12,1 2,1.189053, 12
"145",2020-01-07 00:00:00,1398.2327,119.1101, 79.78062,8.178379,11.90733,"A",51.73104,12.131679, 13,2 3,1.145540, 13
"157",2020-01-07 12:00:00, 971.9018,120.6653, 80.39525,6.906113,12.06157,"B",48.45855,10.750047, 14,3,1.192567, 14
"169",2020-01-08 00:00:00,1525.7726,120.9046, 80.94330,7.695909,12.08694,"C",48.97274,11.189400, 15,3 2,1.150226, 15
"181",2020-01-08 12:00:00,1365.0474,120.7666, 81.75611,8.747928,12.07544,"D",52.01886,11.938625, 16,2,1.117216, 16
"193",2020-01-09 00:00:00,1200.3415,118.7681, 81.43800,8.063043,11.86934,"A",51.12129,11.538695, 17,2 1,1.123122, 17
"205",2020-01-09 12:00:00,1172.3102,118.9390, 82.12414,7.616058,11.90311,"B",49.07306,11.824253, 18,1 3,1.163195, 18
"217",2020-01-10 00:00:00,1169.2288,119.9212, 82.59824,7.420235,12.00280,"C",50.69854,12.005106, 19,3 2,1.220211, 19
"229",2020-01-10 12:00:00,1192.4522,120.6808, 92.97690,8.796090,12.07146,"D",50.70099, 9.917995, 20,2 1,1.110822, 20
"241",2020-01-11 00:00:00,1173.6954,122.3248, 98.25378,7.990620,12.23196,"A",49.34138,12.351441, 21,2 1,1.111729, 21
"253",2020-01-11 12:00:00,1183.5015,121.5688, 98.91028,6.994790,12.15692,"B",53.53296,11.978240, 22,1 3,1.174421, 22
"265",2020-01-12 00:00:00,1176.2703,122.3984, 98.80662,7.613669,12.22927,"C",51.96946,11.944242, 23,3 2,1.124766, 23
"277",2020-01-12 12:00:00,1596.3305,122.1076,103.10891,8.598205,12.20936,"D",49.82353,11.772617, 24,2 3,1.070165, 24
"289",2020-01-13 00:00:00,1901.6523,121.6224,107.12635,8.077547,12.16374,"A",50.11463,12.396579, 25,3 2,1.130565, 25
"301",2020-01-13 12:00:00,1223.5901,121.5654,117.36159,7.088957,12.15502,"B",51.00026,12.450549, 26,2,1.193363, 26
"313",2020-01-14 00:00:00,1212.9704,122.6571,122.63843,7.601526,12.26949,"C",51.39541,13.792449, 27,2,1.157891, 27
"325",2020-01-14 12:00:00,1533.1281,122.4497,123.19834,8.040804,12.24058,"D",51.37263,11.603252, 28,2,1.089317, 28
"337",2020-01-15 00:00:00,2191.1675,122.5826,115.88409,7.564209,12.25906,"A",51.45688,11.682538, 29,2 3,1.120270, 29
"349",2020-01-15 12:00:00,2011.0296,121.5907,103.01249,6.427945,12.15616,"B",50.07164,10.638029, 30,3 1,1.122599, 30
"361",2020-01-16 00:00:00,1610.6776,120.7577,104.56399,7.390161,12.07693,"C",51.02609, 9.822368, 31,1,1.120156, 31
"373",2020-01-16 12:00:00,1991.3410,121.3043,117.61909,8.232772,12.12845,"D",51.32132,12.313391, 32,1 2,1.129544, 32
"385",2020-01-17 00:00:00,1979.7673,122.4083,109.67707,7.584901,12.24385,"A",53.15164,11.164061, 33,2 3,1.120001, 33
"397",2020-01-17 12:00:00,1244.3165,121.0393, 94.19789,7.161336,12.10545,"B",51.24181,11.571815, 34,3,1.186800, 34
"409",2020-01-18 00:00:00,1004.3793,119.5419,104.68663,8.094358,11.95854,"C",50.67107,12.331762, 35,3,1.178702, 35
"421",2020-01-18 12:00:00,1372.1089,121.3136,100.52429,8.233526,12.13088,"D",46.21845,13.080705, 36,1,1.166488, 36
"433",2020-01-19 00:00:00,1311.7780,119.7633, 96.27259,8.110174,11.98041,"A",52.19709,12.646102, 37,1 2,1.190703, 37
"445",2020-01-19 12:00:00,1190.6973,122.0017, 95.71111,7.165191,12.19892,"B",52.34432,13.816294, 38,2,1.178184, 38
"457",2020-01-20 00:00:00,1209.6329,122.0720, 95.29941,6.497676,12.20386,"C",53.60927,12.359455, 39,2 3,1.150340, 39
"469",2020-01-20 12:00:00,1165.0559,124.6505, 94.77534,7.643699,12.46326,"D",50.73378,11.849212, 40,3,1.045251, 40
"481",2020-01-21 00:00:00,1038.3004,125.4238, 94.77525,7.085433,12.53985,"A",50.69781,12.064890, 41,1 2,1.182834, 41
"493",2020-01-21 12:00:00,1001.8693,123.0716, 93.01059,6.150331,12.30145,"B",48.42458,12.261207, 42,2 1,1.113920, 42
"505",2020-01-22 00:00:00,1043.2197,120.7136, 93.27011,7.923762,12.06880,"C",51.66158,13.772709, 43,1 2,1.197818, 43
"517",2020-01-22 12:00:00,1176.1070,123.2256, 99.56048,8.223839,12.31752,"D",50.00168,12.830261, 44,2 3,1.079438, 44
"529",2020-01-23 00:00:00,1234.6213,123.8964,115.95769,7.412550,12.38579,"A",49.89972,12.877457, 45,3 1,1.150527, 45
"541",2020-01-23 12:00:00,2194.4608,121.6101,116.06043,7.052870,12.15985,"B",52.97764,11.954467, 46,1 2,1.185335, 46
"553",2020-01-24 00:00:00,1511.6356,122.2427, 89.95777,6.711544,12.22273,"C",55.20777,13.878614, 47,2 3,1.189701, 47
"565",2020-01-24 12:00:00,1499.7759,121.3540, 81.31939,8.136510,12.13810,"D",52.60050,12.862430, 48,3 2,1.175478, 48
"577",2020-01-25 00:00:00,1480.5108,121.2067, 98.27687,7.944167,12.12126,"A",50.70532,12.260405, 49,2 1,1.148074, 49
"589",2020-01-25 12:00:00,1305.3416,120.9832, 99.26715,7.303502,12.09912,"B",52.16306,11.369440, 50,1 2,1.154204, 50
"601",2020-01-26 00:00:00,1216.2146,121.3385,105.81265,7.404103,12.12335,"C",47.93861,12.937562, 51,2 3,1.171959, 51
"613",2020-01-26 12:00:00,1623.7515,121.7462,106.94985,8.252084,12.17507,"D",49.30689,10.574552, 52,3,1.077699, 52
"625",2020-01-27 00:00:00,2223.4383,120.8158,106.24325,8.005251,12.09024,"A",49.59917,10.320975, 53,3,1.120556, 53
"637",2020-01-27 12:00:00,1500.9627,120.9440,105.82973,7.025222,12.08958,"B",49.02806,12.317968, 54,3 2,1.186557, 54
"649",2020-01-28 00:00:00,1555.5448,121.7977,105.99259,7.376487,12.17383,"C",50.37846,12.928731, 55,2 1,1.163497, 55
"661",2020-01-28 12:00:00,1541.0080,123.6995,106.67452,7.980392,12.36546,"D",50.65836,13.313102, 56,2 1,1.095973, 56
"673",2020-01-29 00:00:00,1510.9107,122.9148,105.88268,7.684108,12.28739,"A",53.82565,12.265354, 57,1 2,1.117307, 57
"685",2020-01-29 12:00:00,1462.6238,121.3248,105.75105,7.220063,12.13251,"B",50.47648,11.139110, 58,2,1.138997, 58
"697",2020-01-30 00:00:00,1529.4163,119.0786,107.39214,7.554566,11.91673,"C",52.97534,12.594638, 59,2 3,1.173567, 59
"709",2020-01-30 12:00:00,1510.3308,120.3519,107.48855,9.000255,12.03552,"D",50.14139,12.616993, 60,3,1.123459, 60
"721",2020-01-31 00:00:00,1079.8542,119.2235,107.64470,8.722177,11.93223,"A",52.73198,11.615051, 61,2,1.124892, 61
"733",2020-01-31 12:00:00,1506.6459,119.3553, 83.44247,7.480175,11.93873,"B",49.88985,12.344437, 62,2 1,1.200137, 62
"745",2020-02-01 00:00:00,1502.5089,118.7751, 80.88833,8.209330,11.88217,"C",50.21035,11.405485, 63,1 3,1.113838, 63
"757",2020-02-01 12:00:00,1528.1052,118.9132, 82.30112,8.798097,11.89250,"D",51.75624,11.750448, 64,3 1,1.106337, 64
"769",2020-02-02 00:00:00,1998.9583,118.8650, 93.48901,8.273480,11.89020,"A",50.92791,12.878557, 65,1 3,1.144895, 65
"781",2020-02-02 12:00:00,1269.0021,120.1095, 91.83099,7.440606,12.00342,"B",49.39490,11.337333, 66,1 3,1.194065, 66
"793",2020-02-03 00:00:00,1054.2458,119.9414, 91.07528,8.017371,11.99140,"C",50.34605,11.082526, 67,3 2,1.189751, 67
"805",2020-02-03 12:00:00,2135.4725,121.8950, 91.23364,8.024132,12.18998,"D",49.33189,12.744830, 68,2,1.134004, 68
"817",2020-02-04 00:00:00,2097.1529,123.7660, 91.15998,7.545982,12.38111,"A",48.68466,14.752675, 69,2,1.167451, 69
"829",2020-02-04 12:00:00,1979.2014,122.1652, 90.63359,6.617192,12.21407,"B",52.00716,12.749722, 70,2,1.163635, 70
"841",2020-02-05 00:00:00,2234.8250,121.3434, 91.25776,7.588636,12.14446,"C",51.28253,12.029531, 71,3 1,1.145579, 71
"853",2020-02-05 12:00:00,2175.6024,120.1902,100.24151,7.818428,12.01855,"D",50.33554,12.916979, 72,1 2,1.161967, 72
"865",2020-02-06 00:00:00,2177.7677,118.9171,112.73077,8.106150,11.88525,"A",52.74780,11.445722, 73,2 3,1.125848, 73
"877",2020-02-06 12:00:00,2085.6151,119.1317,112.74052,7.225833,11.90873,"B",50.65251,11.681235, 74,3,1.187865, 74
"889",2020-02-07 00:00:00,1665.6465,120.9712,112.35129,7.584679,12.10000,"C",52.40899,11.877566, 75,3 1,1.164555, 75
"901",2020-02-07 12:00:00,1471.0543,121.7265,112.50641,8.259292,12.16979,"D",47.68197,11.050654, 76,3 2,1.087276, 76
"913",2020-02-08 00:00:00,1353.3209,122.2383,115.98412,7.738109,12.23204,"A",48.99707,11.840505, 77,2 3,1.131349, 77
"925",2020-02-08 12:00:00,1232.7006,120.4352,116.76210,7.564944,12.04233,"B",48.70979,11.890748, 78,3 2,1.198181, 78
"937",2020-02-09 00:00:00,1640.3803,120.7823, 92.64826,7.217949,12.07399,"C",51.72389,11.695038, 79,2 1,1.191030, 79
"949",2020-02-09 12:00:00,1231.4888,121.6894, 80.75964,8.653500,12.17438,"D",53.88670,11.336274, 80,1 3,1.073798, 80
"961",2020-02-10 00:00:00,1189.8453,122.1545, 80.74108,7.598768,12.21318,"A",50.88613,10.839229, 81,3 2,1.109528, 81
"973",2020-02-10 12:00:00,1165.8237,121.1777, 79.89256,7.159172,12.11771,"B",50.19640,10.557304, 82,2 3,1.142634, 82
"985",2020-02-11 00:00:00,1105.3942,119.8052, 78.79671,7.754518,11.98024,"C",48.81913,10.871882, 83,3 2,1.186861, 83
"997",2020-02-11 12:00:00,1078.2540,120.5842, 84.10616,8.946215,12.05532,"D",50.07770,10.567937, 84,2 3,1.110889, 84
"1009",2020-02-12 00:00:00,1041.2343,121.3372, 84.99417,7.995487,12.12772,"A",52.67980,10.176016, 85,3,1.097968, 85
"1021",2020-02-12 12:00:00,1034.3606,121.1358, 84.13228,6.758730,12.11230,"B",52.99287,10.893595, 86,3 1,1.150383, 86
"1033",2020-02-13 00:00:00,1054.1104,119.2253, 84.05310,7.959415,11.91739,"C",49.02415,12.305230, 87,1 2,1.166856, 87
"1045",2020-02-13 12:00:00,1169.4873,120.8076, 83.37271,8.285793,12.07965,"D",50.04286,13.309485, 88,2 3,1.167221, 88
"1057",2020-02-14 00:00:00,2221.3983,119.6481, 85.96589,8.097060,11.96552,"A",50.01246,10.981231, 89,3,1.162937, 89
"1069",2020-02-14 12:00:00,2244.7105,120.0074,110.37449,7.100964,11.99520,"B",49.78188,12.410600, 90,3 2,1.204420, 90
"1081",2020-02-15 00:00:00,2265.2440,120.9365,110.42862,7.242060,12.09107,"C",51.11762, 9.440368, 91,1,1.131544, 91
"1093",2020-02-15 12:00:00,2201.1272,121.4952,105.05296,8.530033,12.14635,"D",51.38654,12.059866, 92,1 3,1.102107, 92
"1105",2020-02-16 00:00:00,1848.6815,123.8088, 94.37355,7.223953,12.39010,"A",50.24589,12.827972, 93,3 2,1.169348, 93
"1117",2020-02-16 12:00:00,1507.7317,120.0011, 94.69862,7.117000,12.00485,"B",54.62067,13.685946, 94,2 1,1.219189, 94
"1129",2020-02-17 00:00:00,1552.3370,119.1558, 94.93571,8.004891,11.91749,"C",50.69429,12.053303, 95,1 2,1.155040, 95
"1141",2020-02-17 12:00:00,1585.0859,118.7433, 89.53575,9.249715,11.87403,"D",48.50617,12.167144, 96,3 1,1.092323, 96
"1153",2020-02-18 00:00:00,1632.5512,118.2343,115.62491,8.534606,11.82194,"A",51.22489,12.790700, 97,1 3,1.104571, 97
"1165",2020-02-18 12:00:00,1216.5912,118.6634,119.23638,7.838229,11.87060,"B",51.20270,12.022504, 98,3 1,1.142289, 98
"1177",2020-02-19 00:00:00,1176.4831,118.9942,119.80708,8.054534,11.90122,"C",50.59327,13.509706, 99,1 2,1.173675, 99
"1189",2020-02-19 12:00:00,1175.2728,119.6199,121.02828,8.932366,11.96710,"D",46.08127,11.985587,100,2 3,1.120408,100
"1201",2020-02-20 00:00:00,1169.0204,118.7358,106.88717,8.303935,11.86643,"A",46.79242,14.831750,101,2 3,1.176828,101
"1213",2020-02-20 12:00:00,1190.3240,119.6180,101.40416,7.161262,11.96168,"B",51.67151,11.671779,102,3,1.200500,102
"1225",2020-02-21 00:00:00,1266.4746,120.7992,101.65095,7.922489,12.06924,"C",50.57665,11.766891,103,3 1,1.154136,103
"1237",2020-02-21 12:00:00,1202.7819,120.9413,101.45888,8.618477,12.08870,"D",51.90381,11.485556,104,1 3,1.117641,104
"1249",2020-02-22 00:00:00,1928.8930,120.0233,101.32966,8.228879,12.00395,"A",52.48067, 9.980961,105,3,1.170601,105
"1261",2020-02-22 12:00:00,2176.5591,119.7027,100.66232,7.331521,11.96866,"B",51.53493,11.947678,106,3 2,1.211860,106
"1273",2020-02-23 00:00:00,2156.0231,118.8147,111.09656,8.129845,11.88948,"C",53.79361,12.279805,107,2,1.137912,107
"1285",2020-02-23 12:00:00,2016.5971,118.5849,121.22490,8.898520,11.86453,"D",50.82197,14.122256,108,2,1.132304,108
"1297",2020-02-24 00:00:00,1212.8919,118.8380, 97.56366,8.542215,11.88168,"A",47.97060,13.702780,109,2 3,1.150573,109
"1309",2020-02-24 12:00:00,1474.9490,120.2591, 95.05756,7.363834,12.02609,"B",51.26429,12.083116,110,3 1,1.212409,110
"1321",2020-02-25 00:00:00,1277.7035,118.8983, 95.66808,8.034894,11.89430,"C",51.46818,13.072535,111,2,1.162721,111
"1333",2020-02-25 12:00:00,1739.0681,119.5342, 94.75856,8.746948,11.96305,"D",50.96613,13.129253,112,2 1,1.190873,112
"1345",2020-02-26 00:00:00,1836.6636,119.4493, 98.19607,8.073863,11.94944,"A",52.19639,11.547307,113,1 2,1.157150,113
"1357",2020-02-26 12:00:00,1505.6727,119.8709, 99.33845,7.708590,11.98897,"B",52.46131,13.470111,114,2,1.211441,114
"1369",2020-02-27 00:00:00,1171.6502,119.3143, 99.44552,7.854681,11.93272,"C",49.90689,13.154939,115,2,1.196232,115
"1381",2020-02-27 12:00:00,1203.6572,119.3118, 99.03183,8.659567,11.92702,"D",54.64350,11.757126,116,1 2,1.135078,116
"1393",2020-02-28 00:00:00,1106.4597,119.0038, 97.99028,8.160180,11.90147,"A",52.55016,12.037515,117,2 3,1.139731,117
"1405",2020-02-28 12:00:00,1102.5564,119.5847, 97.10350,7.306186,11.95581,"B",48.86955, 9.872585,118,3,1.167676,118
"1417",2020-02-29 00:00:00,1011.5185,119.2256, 97.28716,8.162521,11.92004,"C",46.19947,11.920185,119,3,1.148472,119
"1429",2020-02-29 12:00:00, 966.9827,119.8320, 97.80775,8.998627,11.98554,"D",48.84883,13.739064,120,3 1,1.162003,120
"1441",2020-03-01 00:00:00, 922.1183,119.9058,102.06905,8.247852,11.99641,"A",52.55244,11.869155,121,2 1,1.203161,121
"1453",2020-03-01 12:00:00, 930.8841,119.7616,116.09054,6.998189,11.97602,"B",51.16005, 9.941812,122,1,1.184048,122
"1465",2020-03-02 00:00:00, 976.7303,120.2327,116.13675,7.952342,12.02297,"C",51.06634,11.119465,123,1,1.177588,123
"1477",2020-03-02 12:00:00,1021.8531,120.4224,117.06374,9.049822,12.03579,"D",49.53537,12.028886,124,1,1.106443,124
"1489",2020-03-03 00:00:00,1032.4382,121.8662,117.52772,7.778038,12.18639,"A",53.21241,12.153848,125,1,1.130863,125
"1501",2020-03-03 12:00:00,1920.6329,120.3491,117.93384,7.161892,12.03700,"B",45.09878,12.923298,126,2 1,1.229689,126
"1513",2020-03-04 00:00:00,1984.1836,119.5763,117.85986,8.046439,11.95572,"C",50.37454,11.068028,127,1 2,1.160361,127
"1525",2020-03-04 12:00:00,1995.0377,120.5690,117.77350,8.513239,12.04300,"D",49.28554,12.744543,128,2 1,1.131620,128
"1537",2020-03-05 00:00:00,2006.6256,122.2081,118.58305,7.740175,12.21810,"A",52.29246,12.087677,129,1 3,1.126253,129
"1549",2020-03-05 12:00:00,2034.4325,121.0878,118.92699,7.010939,12.11405,"B",49.91458,11.740971,130,3 2,1.181281,130
"1561",2020-03-06 00:00:00,2084.0191,120.3741,119.95027,7.952896,12.03356,"C",49.92208,12.548867,131,3 2,1.195115,131
"1573",2020-03-06 12:00:00,2194.8640,119.7599,120.96058,8.615756,11.97685,"D",49.05977,12.948991,132,2 1,1.192855,132
"1585",2020-03-07 00:00:00,2166.7623,119.7739,119.26278,8.160926,11.97859,"A",48.82913,13.970442,133,1 2,1.231014,133
"1597",2020-03-07 12:00:00,1999.6805,120.2868,120.03557,6.892776,12.02268,"B",52.13943,12.668765,134,2,1.190350,134
"1609",2020-03-08 00:00:00,2019.8269,119.9173,109.67862,7.962969,11.98924,"C",51.29124,10.182787,135,2 3,1.134739,135
"1621",2020-03-08 12:00:00,2031.1115,119.7824, 78.82099,8.096019,11.97174,"D",49.78027,12.623448,136,1 2,1.159490,136
"1633",2020-03-09 00:00:00,1844.6585,121.0959, 78.70963,7.958666,12.11269,"A",52.67413,12.301784,137,2 3,1.149422,137
"1645",2020-03-09 12:00:00,1309.9808,121.0607, 78.35342,6.877828,12.10435,"B",51.58502,11.338609,138,3 2,1.165839,138
"1657",2020-03-10 00:00:00,1989.4071,120.6733, 78.16324,7.347714,12.07138,"C",51.34335,12.211818,139,2 1,1.183842,139
"1669",2020-03-10 12:00:00,1988.8575,120.5564, 78.14886,8.074388,12.05669,"D",47.75479,12.008779,140,1,1.171869,140
"1681",2020-03-11 00:00:00,1996.3934,121.5515, 78.36886,8.045288,12.15984,"A",48.05479,12.655932,141,2 3,1.140102,141
"1693",2020-03-11 12:00:00,1990.1034,120.7979, 77.54376,6.980462,12.07509,"B",50.52330,12.604205,142,3,1.215431,142
"1705",2020-03-12 00:00:00,2018.0189,122.4960, 77.67438,7.260356,12.24838,"C",49.10071,11.485764,143,3 1,1.134470,143
"1717",2020-03-12 12:00:00,2059.3803,122.6833, 78.05088,7.461501,12.27022,"D",47.95016,11.807555,144,1,1.131302,144
"1729",2020-03-13 00:00:00,1264.6875,123.3342, 80.15944,7.369549,12.32698,"A",51.53000,12.826787,145,1,1.160100,145
"1741",2020-03-13 12:00:00,1181.2551,120.0616, 80.39763,7.015145,12.01199,"B",50.38851,12.915805,146,1,1.254275,146
"1753",2020-03-14 00:00:00,1233.4900,120.1076, 79.83025,7.617282,12.00902,"C",51.83731,13.403792,147,1,1.239396,147
"1765",2020-03-14 12:00:00,1256.2549,119.4729, 79.49942,8.787397,11.94724,"D",50.70340,12.976604,148,1 3,1.163888,148
"1777",2020-03-15 00:00:00,1230.6057,118.9299, 79.88480,8.200375,11.88963,"A",51.47658,11.691162,149,3 1,1.126830,149
"1789",2020-03-15 12:00:00,1190.3733,119.3404,103.37317,7.623541,11.93118,"B",47.62028,10.820281,150,1 3,1.137930,150
"1801",2020-03-16 00:00:00,1459.3733,119.9806,112.57407,7.701638,11.99974,"C",51.07058,13.473765,151,3 2,1.249906,151
"1813",2020-03-16 12:00:00,1958.0209,121.4908, 81.31748,8.101031,12.13749,"D",50.68376,12.324836,152,2 1,1.130869,152
"1825",2020-03-17 00:00:00,1492.2643,121.9230, 77.98202,7.868098,12.18013,"A",51.49250,12.568170,153,1 3,1.132421,153
"1837",2020-03-17 12:00:00,1879.9651,121.5805, 77.56308,7.790556,12.16683,"B",47.51126,13.652214,154,3 2,1.174224,154
"1849",2020-03-18 00:00:00,2107.7707,119.3941, 76.97231,8.065974,11.94033,"C",49.14547, 9.884466,155,2,1.119693,155
"1861",2020-03-18 12:00:00,1780.5152,120.1753, 76.76580,8.149095,12.01960,"D",50.26091,12.835732,156,2 3,1.208437,156
"1873",2020-03-19 00:00:00,1615.2770,119.2544, 78.44151,8.113923,11.92745,"A",48.65022,12.228639,157,3,1.158170,157
"1885",2020-03-19 12:00:00,1218.3431,119.2716,103.48923,7.360440,11.92423,"B",48.13802,10.993104,158,3,1.171259,158
"1897",2020-03-20 00:00:00,1119.9230,119.0985,119.60708,8.128702,11.91877,"C",48.29571,11.000977,159,3 1,1.124217,159
"1909",2020-03-20 12:00:00, 965.8667,119.2782,118.77519,8.608088,11.92139,"D",52.91316,11.675539,160,1,1.133800,160
"1921",2020-03-21 00:00:00, 985.3533,119.3530,108.93274,8.439997,11.93477,"A",49.25134, 9.986867,161,3,1.108616,161
"1933",2020-03-21 12:00:00,1027.2161,119.5942, 99.23523,7.077293,11.97393,"B",49.21527,11.227362,162,3 2,1.200692,162
"1945",2020-03-22 00:00:00, 991.6048,118.9381, 99.46451,8.205503,11.89112,"C",48.83457,12.850632,163,2,1.150665,163
"1957",2020-03-22 12:00:00, 981.3316,120.4580, 99.84106,8.465739,12.04281,"D",50.77758,13.417655,164,2,1.196628,164
"1969",2020-03-23 00:00:00, 996.6070,121.0291, 99.76273,8.061171,12.10234,"A",49.22629,13.200504,165,2 1,1.167439,165
"1981",2020-03-23 12:00:00, 943.7833,121.0347, 87.52188,6.821286,12.10873,"B",53.49416,12.040740,166,2,1.198869,166
"1993",2020-03-24 00:00:00, 903.7213,121.0903, 78.65610,7.843861,12.10444,"C",53.43494,13.330760,167,2 3,1.175335,167
"2005",2020-03-24 12:00:00,1512.1859,119.3117, 79.09358,8.648574,11.92742,"D",50.68216,13.913613,168,3 2,1.171525,168
"2017",2020-03-25 00:00:00,1472.7674,120.2063, 79.17433,8.121643,12.01079,"A",49.93523,12.644375,169,2 3,1.212840,169
"2029",2020-03-25 12:00:00,1286.9815,121.1858, 79.84715,7.213076,12.12223,"B",48.47244,12.123805,170,3 2,1.196567,170
"2041",2020-03-26 00:00:00,1186.0413,122.3149, 79.95535,7.508492,12.23131,"C",51.11729,11.068498,171,3 1,1.130758,171
"2053",2020-03-26 12:00:00,1343.1172,120.9144, 80.65984,8.324055,12.08264,"D",50.49542,12.551599,172,1,1.183413,172
"2065",2020-03-27 00:00:00,1907.1788,120.1446, 81.42814,8.127378,12.01273,"A",53.09377,12.639090,173,1 3,1.215860,173
"2077",2020-03-27 12:00:00,2222.6050,119.9854, 81.76469,7.814712,11.99678,"B",52.46324,13.397336,174,3 1,1.224205,174
"2089",2020-03-28 00:00:00,1504.9152,120.7862, 80.83547,7.723878,12.08627,"C",50.19418,13.360688,175,1 3,1.185790,175
"2101",2020-03-28 12:00:00,1510.4452,122.9752, 80.53442,8.242830,12.30206,"D",52.87971,11.616553,176,3 2,1.060638,176
"2113",2020-03-29 00:00:00,1498.1822,122.5475, 83.31498,7.822788,12.26056,"A",53.25999,11.130272,177,2 3,1.094864,177
"2125",2020-03-29 12:00:00,1501.2626,120.9527,107.20280,6.609951,12.08925,"B",50.97208,12.455330,178,3 2,1.172869,178
"2137",2020-03-30 00:00:00,1696.5291,121.0998,107.61822,7.746997,12.11247,"C",55.91606,13.010565,179,2 1,1.171139,179
"2149",2020-03-30 12:00:00,2047.3429,121.0923, 99.15648,8.414286,12.10622,"D",48.57068,11.233214,180,1 3,1.096365,180
"2161",2020-03-31 00:00:00,2227.4571,119.3553, 81.37296,8.218790,11.93466,"A",51.35629,11.583116,181,2 3,1.148021,181
"2173",2020-03-31 12:00:00,2070.3897,119.4768, 81.65441,7.042838,11.93755,"B",49.80360,11.268670,182,3 2,1.207770,182
"2185",2020-04-01 00:00:00,2086.0876,119.1029, 81.92372,7.977384,11.90830,"C",51.06275,13.978906,183,2,1.194217,183
"2197",2020-04-01 12:00:00,2158.1572,120.9943, 81.55743,8.595233,12.09630,"D",51.57752,13.098543,184,2 3,1.144120,184
"2209",2020-04-02 00:00:00,1588.2942,121.8895, 87.81188,7.713661,12.18601,"A",51.86388,12.487823,185,3 2,1.140377,185
"2221",2020-04-02 12:00:00,1207.8216,121.5701,106.25129,7.536706,12.15647,"B",53.89767,13.747132,186,2 1,1.193478,186
"2233",2020-04-03 00:00:00,1443.3062,122.4244,102.03290,7.558621,12.24161,"C",53.72761,12.400355,187,1,1.138370,187
"2245",2020-04-03 12:00:00,1583.2773,122.6380, 82.00637,7.830121,12.26161,"D",50.12336,12.196670,188,1,1.123311,188
"2257",2020-04-04 00:00:00,1456.8253,120.0949, 93.60438,8.164298,12.00452,"A",50.89174,12.690429,189,1 2,1.205049,189
"2269",2020-04-04 12:00:00,1460.3638,120.5852,105.35776,6.840133,12.06246,"B",49.61542,12.328094,190,2 1,1.213652,190
"2281",2020-04-05 00:00:00,1440.2094,119.6342,100.80468,8.051012,11.96667,"C",49.87189,11.429186,191,3 1,1.170460,191
"2293",2020-04-05 12:00:00,1472.7761,121.2125,101.24611,8.709339,12.11609,"D",48.93727,12.352046,192,1,1.139051,192
"2305",2020-04-06 00:00:00,1470.7109,124.0989, 96.43734,7.438957,12.40715,"A",49.06382,12.460890,193,1 2,1.138604,193
"2317",2020-04-06 12:00:00,1918.0940,122.9665, 77.96461,6.291797,12.29401,"B",47.70704,12.345103,194,2 3,1.119081,194
"2329",2020-04-07 00:00:00,2028.5590,119.6800, 78.07507,7.895537,11.97466,"C",51.26352,11.727380,195,3 1,1.180727,195
"2341",2020-04-07 12:00:00,1997.3263,119.6055, 80.98124,8.780985,11.96864,"D",54.77747,13.000676,196,1 2,1.148102,196
"2353",2020-04-08 00:00:00,1534.8442,120.9409,109.51548,8.196715,12.09421,"A",51.16608,12.715202,197,2 3,1.157334,197
"2365",2020-04-08 12:00:00,1512.9636,119.4991,108.15130,7.096408,11.95222,"B",50.51696,11.579244,198,3,1.200110,198
"2377",2020-04-09 00:00:00,1507.5407,118.7096,107.81463,8.018178,11.86135,"C",50.93014,12.234302,199,3 1,1.141879,199
"2389",2020-04-09 12:00:00,1513.7356,120.9069,107.68286,8.661386,12.08075,"D",47.88412,10.964381,200,1 3,1.094841,200
"2401",2020-04-10 00:00:00,1575.5167,121.0205,107.21268,7.975850,12.09908,"A",53.23014,13.084849,201,2,1.168635,201
"2413",2020-04-10 12:00:00,1587.4137,121.3225,107.26425,6.949434,12.12873,"B",52.01323,13.137053,202,2 3,1.200104,202
"2425",2020-04-11 00:00:00,1601.0718,121.1160,106.82359,7.732447,12.11637,"C",49.65670,11.719424,203,3 1,1.147544,203
"2437",2020-04-11 12:00:00,1901.6075,120.8636,108.03394,8.521824,12.08247,"D",48.76307,12.544212,204,1 2,1.150522,204
"2449",2020-04-12 00:00:00,1990.3259,122.2094,108.02508,7.561166,12.21287,"A",50.87882,11.905525,205,2 1,1.133022,205
"2461",2020-04-12 12:00:00,2030.8794,121.1791,107.61036,7.250601,12.12674,"B",51.81491,11.653619,206,1 2,1.154936,206
"2473",2020-04-13 00:00:00,2037.1107,121.0147,106.71343,7.740701,12.10609,"C",50.63385,13.354086,207,2 1,1.182129,207
"2485",2020-04-13 12:00:00,2038.0471,121.1690,106.88387,8.857305,12.11517,"D",50.43181,13.114947,208,1 2,1.133082,208
"2497",2020-04-14 00:00:00,1363.4372,122.2064,106.67618,7.913179,12.21893,"A",48.22426,13.160299,209,2,1.136419,209
"2509",2020-04-14 12:00:00,1010.6348,119.7814,106.23628,7.018087,11.97176,"B",48.45468,11.974116,210,2 1,1.226157,210
"2521",2020-04-15 00:00:00,1719.6623,119.5026,104.29864,7.747509,11.94649,"C",54.23594,12.695490,211,2 3,1.199546,211
"2533",2020-04-15 12:00:00,2214.2660,121.0799,103.83403,8.869941,12.11846,"D",49.47506,10.261821,212,3 1,1.073969,212
"2545",2020-04-16 00:00:00,2206.9380,123.3427,103.33841,7.492649,12.35034,"A",51.15249,11.100008,213,1,1.113960,213
"2557",2020-04-16 12:00:00,1589.6885,121.2208,102.93172,7.021496,12.12212,"B",50.53890,13.888128,214,1 2,1.230530,214
"2569",2020-04-17 00:00:00,1485.5540,122.3282,103.12035,7.321479,12.24027,"C",50.32455,14.476390,215,2,1.198192,215
"2581",2020-04-17 12:00:00,1467.9146,123.5188,103.13235,7.713622,12.34261,"D",53.01313,11.607363,216,1 3,1.096398,216
"2593",2020-04-18 00:00:00,1221.8563,123.3475,103.24796,7.680631,12.34011,"A",49.34178,12.789059,217,3,1.127358,217
"2605",2020-04-18 12:00:00,1824.8097,121.0608,103.93295,6.862579,12.10136,"B",51.49633,11.430014,218,3,1.186082,218
"2617",2020-04-19 00:00:00,1185.2269,120.1748,103.86481,7.754316,12.01697,"C",48.67429,11.511759,219,3 2,1.196922,219
"2629",2020-04-19 12:00:00,1997.0055,120.0191, 97.30463,8.158484,12.00499,"D",48.70430,12.842970,220,2 1,1.228094,220
"2641",2020-04-20 00:00:00,2181.5134,119.9135, 89.33462,8.042319,11.98997,"A",50.90954,11.914182,221,1 3,1.207088,221
"2653",2020-04-20 12:00:00,2188.9303,121.0968,126.21165,7.140899,12.11190,"B",51.30470,12.070560,222,3,1.165444,222
"2665",2020-04-21 00:00:00,2151.6700,118.9385,126.79859,8.226477,11.89635,"C",51.91303,12.774794,223,3 1,1.147894,223
"2677",2020-04-21 12:00:00,2113.0106,123.6585,127.90175,8.300545,12.36586,"D",51.83890,12.382950,224,1 3,1.053952,224
"2689",2020-04-22 00:00:00,1900.3511,123.9351,127.12334,8.366328,12.38951,"A",52.45915,12.411785,225,3 1,1.041372,225
"2701",2020-04-22 12:00:00,2206.9282,124.1582,124.35619,7.712292,12.41613,"B",49.37672,11.243703,226,1,1.031880,226
"2713",2020-04-23 00:00:00,2222.0956,123.6428,121.67367,7.359831,12.37420,"C",50.15170,12.553411,227,1 2,1.143233,227
"2725",2020-04-23 12:00:00,2254.0747,123.6363,121.42867,7.983978,12.36397,"D",47.63601,11.952143,228,2 1,1.072637,228
"2737",2020-04-24 00:00:00,2267.4755,123.7862,120.11599,7.334130,12.37678,"A",50.42405,10.476271,229,1,1.103624,229
"2749",2020-04-24 12:00:00,2229.2310,122.4154,119.50678,6.504320,12.24916,"B",48.88450,11.607513,230,1 3,1.132216,230
"2761",2020-04-25 00:00:00,1573.4333,120.2042,118.17723,7.590678,12.02007,"C",48.18718,11.923165,231,1 3,1.203136,231
"2773",2020-04-25 12:00:00,1169.0629,120.3508,118.31038,8.892366,12.04512,"D",49.74897,12.094319,232,3 1,1.165284,232
"2785",2020-04-26 00:00:00,2022.2463,120.1100,118.06952,7.983165,12.00195,"A",50.64457,12.557949,233,1 2,1.217652,233
"2797",2020-04-26 12:00:00,1168.9218,120.6787,118.30304,6.764456,12.05931,"B",51.50986,12.617241,234,2 1,1.185244,234
"2809",2020-04-27 00:00:00,2041.2314,119.6238,118.99705,7.377441,11.96087,"C",48.68746,12.238054,235,1,1.197640,235
"2821",2020-04-27 12:00:00,2236.7650,119.6256,119.84165,8.846547,11.95754,"D",52.02233,13.386673,236,1 3,1.187330,236
"2833",2020-04-28 00:00:00,2253.3954,121.1321,120.77003,7.926376,12.11470,"A",50.63271,12.367106,237,3 2,1.152701,237
"2845",2020-04-28 12:00:00,2252.5193,120.6874,121.31008,7.544609,12.06465,"B",52.74482,12.693939,238,2 1,1.195602,238
"2857",2020-04-29 00:00:00,1384.5464,120.6430,104.03611,7.838098,12.06748,"C",52.43036,12.262658,239,1,1.174553,239
"2869",2020-04-29 12:00:00,1205.6253,121.1984, 91.56278,8.519395,12.11464,"D",49.96543,10.052083,240,1 3,1.082555,240
"2881",2020-04-30 00:00:00,1231.5308,122.7255, 91.67858,7.809542,12.26805,"A",50.13785,12.057939,241,3 2,1.111366,241
"2893",2020-04-30 12:00:00,2002.2950,122.6383, 91.62733,7.297833,12.25844,"B",50.44415,12.127439,242,2 1,1.139282,242
"2905",2020-05-01 00:00:00,1998.4158,121.4229, 92.48447,7.466749,12.14050,"C",51.31301,10.812803,243,1,1.140505,243
"2917",2020-05-01 12:00:00,2175.8986,120.2872, 92.57929,8.890759,12.03708,"D",49.39902,11.953539,244,1,1.182728,244
"2929",2020-05-02 00:00:00,2216.8026,120.0506, 92.99491,8.080128,12.00797,"A",52.76574,11.305285,245,1 2,1.187065,245
"2941",2020-05-02 12:00:00,2236.7991,120.5434, 93.56232,6.906292,12.05536,"B",53.06531,11.249681,246,3,1.166850,246
"2953",2020-05-03 00:00:00,2071.8436,118.5254, 93.45000,7.780418,11.85495,"C",53.47363,11.711095,247,3 1,1.124203,247
"2965",2020-05-03 12:00:00,2194.7513,120.3865, 93.13403,8.441808,12.03954,"D",51.87475,12.848078,248,1 2,1.167046,248
"2977",2020-05-04 00:00:00,2091.8064,119.2632, 93.71445,8.127570,11.92550,"A",48.26958,13.988898,249,2,1.193024,249
"2989",2020-05-04 12:00:00,1982.6320,120.6599, 93.80020,7.224404,12.08135,"B",51.45817,11.631623,250,2 3,1.172606,250
"3001",2020-05-05 00:00:00,2218.4345,121.5429, 96.18543,7.617775,12.15772,"C",48.80431,11.127081,251,3 2,1.127115,251
"3013",2020-05-05 12:00:00,2224.4966,122.7281, 99.66278,8.021592,12.27271,"D",50.73743,12.590449,252,2 1,1.100707,252
"3025",2020-05-06 00:00:00,1092.6195,123.3294, 99.41414,7.618815,12.33250,"A",51.22966,10.596387,253,1 3,1.095670,253
"3037",2020-05-06 12:00:00,1456.8171,120.1616,100.26251,6.889688,12.01661,"B",54.13426,10.952910,254,3 2,1.204323,254
"3049",2020-05-07 00:00:00,1531.5811,120.1446,100.54922,8.032318,12.02244,"C",49.76103,12.411780,255,2,1.204168,255
"3061",2020-05-07 12:00:00,1961.9207,119.7348,100.34678,8.277733,11.98149,"D",49.80450,12.191847,256,3 2,1.191628,256
"3073",2020-05-08 00:00:00,2042.2026,119.7095,100.89689,8.407866,11.97257,"A",50.92243,13.113400,257,2 3,1.202010,257
"3085",2020-05-08 12:00:00,2057.1180,119.1606,101.69701,7.661308,11.92917,"B",51.58005,10.975409,258,3 2,1.151694,258
"3097",2020-05-09 00:00:00,2022.2497,119.9385,102.18305,7.744968,11.99290,"C",51.21516,10.401148,259,2 3,1.187681,259
"3109",2020-05-09 12:00:00,2016.6207,119.5458,102.31698,8.184928,11.95573,"D",49.80904,11.065498,260,3,1.153292,260
"3121",2020-05-10 00:00:00,1466.3023,119.3073,102.28268,8.189787,11.92990,"A",50.11737,13.557569,261,1,1.185646,261
"3133",2020-05-10 12:00:00,1187.7512,120.1168,107.17147,7.801454,12.01031,"B",48.34020,12.771578,262,1,1.202787,262
"3145",2020-05-11 00:00:00,1167.7339,119.7615,117.87224,7.184567,11.96824,"C",49.82835,11.928515,263,1,1.201031,263
"3157",2020-05-11 12:00:00,1658.9870,121.2881,118.61394,8.841088,12.12361,"D",50.62438,12.377608,264,1 2,1.118920,264
"3169",2020-05-12 00:00:00,2235.0990,120.7169,118.78286,7.987702,12.07123,"A",51.45520,13.238347,265,2,1.185257,265
"3181",2020-05-12 12:00:00,2267.6967,119.9628,119.46633,7.145299,11.99480,"B",48.48855,12.503527,266,2 3,1.212623,266
"3193",2020-05-13 00:00:00,2263.1793,119.3460,119.57018,8.074992,11.93745,"C",49.58853,12.345228,267,3 1,1.142000,267
"3205",2020-05-13 12:00:00,2225.7387,120.5339,120.29617,8.717954,12.05688,"D",48.85532,12.766558,268,1 2,1.139356,268
"3217",2020-05-14 00:00:00,2256.9442,122.2520,109.11508,7.669541,12.22264,"A",50.04677,13.014302,269,2,1.146654,269
"3229",2020-05-14 12:00:00,1992.9031,119.3225, 94.87598,7.075999,11.92906,"B",49.75167,11.525713,270,2 3,1.199077,270
"3241",2020-05-15 00:00:00,1961.0349,118.8442, 94.42314,8.161727,11.87865,"C",52.30703,13.810507,271,2 1,1.166951,271
"3253",2020-05-15 12:00:00,1406.3955,120.1051, 95.03390,9.027562,12.02066,"D",52.98091,11.933627,272,1 3,1.159433,272
"3265",2020-05-16 00:00:00, 971.5295,120.7383, 95.75834,8.202319,12.07640,"A",51.61485,12.168352,273,3 1,1.155402,273
"3277",2020-05-16 12:00:00,1025.8893,120.8718, 95.80818,6.917557,12.08605,"B",48.95514,10.627704,274,1 3,1.174311,274
"3289",2020-05-17 00:00:00,1019.6091,120.2183, 95.82435,6.982623,12.02264,"C",47.25843,12.426967,275,3 1,1.223708,275
"3301",2020-05-17 12:00:00,1018.4011,120.3741, 95.65931,8.870047,12.04094,"D",49.23578,12.261281,276,1 2,1.169387,276
"3313",2020-05-18 00:00:00,1197.7385,120.3650, 96.36457,7.931393,12.04483,"A",45.97419,13.508439,277,2 3,1.216328,277
"3325",2020-05-18 12:00:00,2034.0535,120.3133, 98.14522,7.444257,12.03102,"B",50.26743,11.630515,278,3,1.207261,278
"3337",2020-05-19 00:00:00,1143.3381,120.8239, 98.25604,7.680522,12.07893,"C",51.94008,12.692811,279,3 1,1.181267,279
"3349",2020-05-19 12:00:00, 970.6666,120.4507, 85.69340,8.400225,12.04350,"D",51.97116,13.749003,280,1 2,1.191911,280
"3361",2020-05-20 00:00:00, 970.4156,120.9001, 81.04125,8.040617,12.08173,"A",48.92266,11.062381,281,3 2,1.130928,281
"3373",2020-05-20 12:00:00,1015.0200,120.4822, 80.47744,6.828597,12.04186,"B",50.19325,13.055841,282,2,1.211179,282
"3385",2020-05-21 00:00:00,1010.2595,121.2955, 80.50987,7.400895,12.12568,"C",49.93001,12.012596,283,2 3,1.159199,283
"3397",2020-05-21 12:00:00,1265.0346,123.0328, 94.35921,8.350189,12.31523,"D",47.71947,11.349481,284,3 1,1.044634,284
"3409",2020-05-22 00:00:00,1935.3056,123.7734,121.48757,7.359792,12.37023,"A",49.20655,11.754624,285,1 2,1.127608,285
"3421",2020-05-22 12:00:00,1172.5029,122.7352,122.05645,7.276939,12.27444,"B",47.55268,12.315004,286,1 3,1.163796,286
"3433",2020-05-23 00:00:00,1197.8420,123.6041,116.89715,7.496798,12.36361,"C",50.95321,10.415103,287,3,1.090833,287
"3445",2020-05-23 12:00:00,1178.8068,123.2563,109.54916,7.808279,12.32015,"D",50.58551,12.499930,288,3,1.112578,288
"3457",2020-05-24 00:00:00,1171.4849,122.0300,109.44313,7.768999,12.21087,"A",52.43842,11.947282,289,3 1,1.121778,289
"3469",2020-05-24 12:00:00,1170.3173,122.1590,110.36913,6.646485,12.22485,"B",56.59742,12.873015,290,1 2,1.161137,290
"3481",2020-05-25 00:00:00,1203.3417,121.5959,110.24201,7.391216,12.15545,"C",49.13615,11.172177,291,2 1,1.127805,291
"3493",2020-05-25 12:00:00,1185.0113,122.1441,108.53818,8.447441,12.20798,"D",50.15439,11.623959,292,1,1.073997,292
"3505",2020-05-26 00:00:00,1168.4848,121.6664,109.63742,8.208515,12.15798,"A",49.25425,11.416466,293,1 3,1.097985,293
"3517",2020-05-26 12:00:00,1174.2244,120.2894,110.03823,7.399837,12.02512,"B",48.18240,10.514790,294,3 2,1.143457,294
"3529",2020-05-27 00:00:00,1000.9406,119.8698,110.26627,7.982290,11.98149,"C",49.73041,11.304596,295,2 3,1.186862,295
"3541",2020-05-27 12:00:00,1436.3793,119.3256,110.75941,9.120633,11.93912,"D",49.26230,11.528038,296,3,1.123817,296
"3553",2020-05-28 00:00:00,2218.9221,119.8314,111.59979,8.371754,11.98219,"A",53.55780,12.072760,297,3 2,1.199310,297
"3565",2020-05-28 12:00:00,2236.4282,120.0359,110.67926,7.171875,11.99831,"B",53.86663,11.034911,298,2 1,1.177612,298
"3577",2020-05-29 00:00:00,1911.8911,119.1453,109.34969,7.556678,11.92207,"C",53.65274,12.846228,299,1 2,1.178968,299
"3589",2020-05-29 12:00:00,1975.5842,119.0778,108.29236,8.420504,11.90920,"D",51.32351,12.037257,300,2,1.129675,300
"3601",2020-05-30 00:00:00,1623.7538,120.0748,114.12539,8.001519,12.00719,"A",52.09624,12.671178,301,2 3,1.216500,301
"3613",2020-05-30 12:00:00,1514.5042,120.3004,120.47535,7.209168,12.02780,"B",49.33890,12.007092,302,3 2,1.211879,302
"3625",2020-05-31 00:00:00,1514.5701,119.4399,121.31227,8.128902,11.94099,"C",51.13186,11.531845,303,2 3,1.168204,303
"3637",2020-05-31 12:00:00,1512.3395,118.9939,122.11097,9.119347,11.89212,"D",51.30066,11.922491,304,3 1,1.103536,304
"3649",2020-06-01 00:00:00,1511.5398,119.1600,112.53038,8.230268,11.90555,"A",51.12124,11.682334,305,1 3,1.137617,305
"3661",2020-06-01 12:00:00,1498.0442,119.3590, 82.70537,7.051698,11.92096,"B",53.60172,13.137754,306,2 1,1.245151,306
"3673",2020-06-02 00:00:00,1518.4754,119.9725, 78.48057,7.825718,11.99923,"C",47.42247,12.087132,307,1 3,1.219365,307
"3685",2020-06-02 12:00:00,1515.8508,119.0975, 78.72076,9.096218,11.91330,"D",47.94790,11.412461,308,3,1.100439,308
"3697",2020-06-03 00:00:00,1522.0834,119.5452, 78.43441,8.227706,11.96407,"A",47.67413,11.946384,309,3,1.167795,309
"3709",2020-06-03 12:00:00,1314.0173,120.0566, 78.06944,7.156145,12.00612,"B",51.42904,12.538291,310,3 2,1.212313,310
"3721",2020-06-04 00:00:00,2008.7439,120.6950, 77.65425,7.418200,12.07144,"C",50.64800,13.315451,311,1 2,1.203177,311
"3733",2020-06-04 12:00:00,1986.1694,119.4274,111.06876,7.915965,11.94438,"D",52.69046,14.046551,312,2 3,1.194456,312
"3745",2020-06-05 00:00:00,1989.6143,119.0730,122.26630,8.142210,11.91125,"A",51.96371,11.948479,313,3,1.141512,313
"3757",2020-06-05 12:00:00,1611.7837,119.9017,122.09589,7.226925,11.98974,"B",50.40043,12.344501,314,3,1.222562,314
"3769",2020-06-06 00:00:00,1410.6717,120.0595, 84.69862,7.651958,12.01223,"C",54.69066,11.063839,315,3 1,1.190934,315
"3781",2020-06-06 12:00:00,1309.4212,121.9648, 95.04191,8.355134,12.19911,"D",53.37920,10.307623,316,3,1.059695,316
"3793",2020-06-07 00:00:00,1979.8902,122.0679, 95.65923,8.341661,12.21021,"A",50.85819,11.036585,317,3,1.071974,317
"3805",2020-06-07 12:00:00,1963.0573,120.1790,115.66798,7.011043,12.02414,"B",48.54003,11.523372,318,3,1.218046,318
"3817",2020-06-08 00:00:00,1968.8074,120.2295,119.87697,7.936407,12.02080,"C",47.03389,10.508331,319,3,1.167379,319
"3829",2020-06-08 12:00:00,1160.9151,121.1505,119.36595,8.671699,12.10927,"D",49.57338,12.149783,320,3 1,1.121873,320
"3841",2020-06-09 00:00:00,1016.4273,120.3882,110.68502,7.965350,12.04419,"A",48.98226,14.149658,321,1,1.206749,321
"3853",2020-06-09 12:00:00, 992.7861,120.7245,108.04949,6.955554,12.06062,"B",53.53140,12.996946,322,1 2,1.225866,322
"3865",2020-06-10 00:00:00,1257.3660,120.9666,107.98983,7.476970,12.10145,"C",51.33577,11.949727,323,2 1,1.161623,323
"3877",2020-06-10 12:00:00,2142.3239,124.5488,111.09636,8.061820,12.45535,"D",51.27065,11.553555,324,1,1.034327,324
"3889",2020-06-11 00:00:00,2129.6487,125.0928,117.65792,7.140456,12.49636,"A",54.83253,13.560301,325,1 2,1.200734,325
"3901",2020-06-11 12:00:00,1798.6221,124.2890,118.17584,6.168138,12.42296,"B",51.43043,11.991400,326,3,1.087608,326
"3913",2020-06-12 00:00:00,1456.8680,119.1979,118.68608,8.209565,11.91153,"C",50.91645,11.802765,327,3 2,1.142459,327
"3925",2020-06-12 12:00:00,1499.0939,119.6991,112.13121,8.913541,11.97099,"D",49.87028,12.281631,328,2,1.131643,328
"3937",2020-06-13 00:00:00,1857.1597,118.1590, 91.84879,8.455501,11.81433,"A",46.03679,14.387451,329,2 1,1.137508,329
"3949",2020-06-13 12:00:00,2144.0699,120.7194, 91.04240,7.055221,12.06740,"B",49.47764,14.030973,330,1,1.254733,330
"3961",2020-06-14 00:00:00,1889.3293,118.9450, 91.21789,8.123284,11.89897,"C",51.63987,13.410438,331,2 3,1.166413,331
"3973",2020-06-14 12:00:00,1532.7045,121.3652, 91.14610,8.257172,12.14026,"D",50.04206,12.003540,332,3 1,1.098101,332
"3985",2020-06-15 00:00:00,1566.3946,124.1991, 96.35935,7.192063,12.41729,"A",50.47981,11.528396,333,1 3,1.146221,333
"3997",2020-06-15 12:00:00,1546.4194,120.1912,107.33960,7.104427,12.01943,"B",50.59966,12.503054,334,3 1,1.222245,334
"4009",2020-06-16 00:00:00,1008.6872,121.9263,108.07304,7.473174,12.18700,"C",52.00523,13.056020,335,1 3,1.167007,335
"4021",2020-06-16 12:00:00,1090.5666,120.8611,114.13720,8.134721,12.09749,"D",47.99231,11.446730,336,3 2,1.160936,336
"4033",2020-06-17 00:00:00,1254.4571,120.7958,121.25982,8.060852,12.08320,"A",50.13016,13.769935,337,2,1.188463,337
"4045",2020-06-17 12:00:00,1528.6646,120.6339,117.73120,6.883339,12.06343,"B",48.24740,13.158440,338,2,1.237552,338
"4057",2020-06-18 00:00:00,1534.5657,120.3101,109.57735,7.826264,12.03258,"C",50.02350,13.774992,339,2,1.226981,339
"4069",2020-06-18 12:00:00,1560.0808,120.2316,109.29779,8.212980,12.02020,"D",51.15151,12.143197,340,2 1,1.196257,340
"4081",2020-06-19 00:00:00,1520.5571,121.6125,110.26097,7.705494,12.15847,"A",51.20883,11.308064,341,1,1.133886,341
"4093",2020-06-19 12:00:00,1504.2346,122.6487,111.01296,7.431317,12.27551,"B",53.08421,12.281587,342,1 2,1.144374,342
"4105",2020-06-20 00:00:00,1532.7751,122.4645,111.97541,7.529786,12.25350,"C",51.95616,11.827458,343,2 3,1.129065,343
"4117",2020-06-20 12:00:00,1188.9147,122.0372,112.52237,8.537484,12.19975,"D",50.92705,10.143097,344,3,1.042502,344
"4129",2020-06-21 00:00:00,1040.2626,121.7408,111.48838,7.763775,12.16371,"A",50.42824,10.310916,345,3,1.099597,345
"4141",2020-06-21 12:00:00,1053.7083,121.2642, 79.67319,6.554594,12.12336,"B",52.88746,10.332998,346,3 2,1.141066,346
"4153",2020-06-22 00:00:00,1936.4510,119.8136, 78.18941,7.932711,11.97627,"C",50.46376,14.029671,347,2,1.239865,347
"4165",2020-06-22 12:00:00,2039.8536,120.7698, 77.33317,8.936576,12.08229,"D",51.62582,13.557686,348,2,1.161478,348
"4177",2020-06-23 00:00:00,1645.6387,121.0197, 77.05998,7.914079,12.10088,"A",50.94899,12.631520,349,2,1.161658,349
"4189",2020-06-23 12:00:00,1526.6576,121.7626, 76.33274,6.767157,12.17109,"B",50.87402,11.608825,350,2 1,1.157896,350
"4201",2020-06-24 00:00:00,1498.6632,122.2945, 76.09387,7.473737,12.22331,"C",49.95177,12.457581,351,1 3,1.146176,351
"4213",2020-06-24 12:00:00,1457.4814,123.2984, 83.51735,8.422286,12.32354,"D",48.49588,11.560193,352,3 1,1.041318,352
"4225",2020-06-25 00:00:00,1203.5118,124.0647,117.61479,7.263181,12.41181,"A",49.66738,11.936250,353,1 2,1.140968,353
"4237",2020-06-25 12:00:00,1672.2433,123.6958,119.00223,6.462876,12.37226,"B",51.45953,12.278973,354,2,1.111261,354
"4249",2020-06-26 00:00:00,1990.9971,121.2229,118.57531,7.698084,12.11090,"C",52.61312,12.219993,355,2,1.157063,355
"4261",2020-06-26 12:00:00,2028.7132,121.8205,119.02298,8.784386,12.19048,"D",51.11865,10.817710,356,3,1.071065,356
"4273",2020-06-27 00:00:00,1249.9831,122.3742,119.44876,7.485937,12.23616,"A",48.60211,12.470780,357,3,1.151835,357
"4285",2020-06-27 12:00:00,1599.6619,120.9771,119.88871,7.301090,12.09529,"B",47.36440,11.620881,358,3,1.191804,358
"4297",2020-06-28 00:00:00,2251.5752,121.6006,119.22827,7.351676,12.15992,"C",49.67593,11.546976,359,3 2,1.167487,359
"4309",2020-06-28 12:00:00,2228.6326,121.4697,101.48922,8.674988,12.14657,"D",50.15479,11.641312,360,2 1,1.087815,360
"4321",2020-06-29 00:00:00,2226.1311,121.6864,102.37503,7.717494,12.16197,"A",50.23464,11.486171,361,1 3,1.125701,361
"4333",2020-06-29 12:00:00,2208.6691,119.1460,103.27780,7.252415,11.91985,"B",51.62325,12.571703,362,3 2,1.208427,362
"4345",2020-06-30 00:00:00,2190.7648,120.0453,104.35086,7.785737,12.00201,"C",54.07026,11.744884,363,2 1,1.208692,363
"4357",2020-06-30 12:00:00,1778.2424,120.3907,103.84545,8.820593,12.04301,"D",52.73143,11.200774,364,1,1.136443,364
"4369",2020-07-01 00:00:00,1430.5029,120.8468,104.25531,8.006809,12.08202,"A",50.62291,14.069439,365,1,1.195929,365
"4381",2020-07-01 12:00:00, 963.6700,121.2236,101.10110,6.888498,12.12025,"B",48.47955,11.681521,366,1,1.171156,366
"4393",2020-07-02 00:00:00, 955.0987,121.9603, 99.37041,7.580334,12.20653,"C",49.88240,12.744454,367,1 2,1.150033,367
"4405",2020-07-02 12:00:00,1160.1110,122.0241, 99.94697,8.552487,12.19814,"D",49.26236,11.977475,368,2 1,1.078844,368
"4417",2020-07-03 00:00:00,1208.9991,121.4448,100.84457,8.091289,12.13889,"A",52.68025, 9.889344,369,1 3,1.106487,369
"4429",2020-07-03 12:00:00,1276.1646,120.6661,101.03807,7.250164,12.06664,"B",49.51994,11.770572,370,3,1.203908,370
"4441",2020-07-04 00:00:00,1556.1356,120.8792, 99.30401,7.813715,12.09235,"C",51.82623,12.074789,371,2,1.160682,371
"4453",2020-07-04 12:00:00,1522.4199,123.6437, 82.42347,8.293034,12.36657,"D",50.01459,12.163816,372,2,1.057128,372
"4465",2020-07-05 00:00:00,1522.8242,123.7573, 78.56950,7.553840,12.38111,"A",49.95473,11.465835,373,2 1,1.100687,373
"4477",2020-07-05 12:00:00,1539.5495,121.0552, 78.01853,6.716681,12.10703,"B",52.00828,12.412446,374,1 2,1.190078,374
"4489",2020-07-06 00:00:00,1301.7409,122.1577, 79.29129,7.384057,12.21721,"C",50.30915,12.953293,375,2 1,1.166492,375
"4501",2020-07-06 12:00:00,1343.9022,122.7543, 80.25216,8.402112,12.27693,"D",47.65679,10.715197,376,1,1.043280,376
"4513",2020-07-07 00:00:00,1415.2716,123.2560, 80.02987,7.439098,12.32817,"A",52.88662,12.391354,377,1,1.135395,377
"4525",2020-07-07 12:00:00,1490.2110,121.5690,114.64634,6.822082,12.16064,"B",54.11796,12.021498,378,1 2,1.164517,378
"4537",2020-07-08 00:00:00,1179.7902,118.8635,117.55028,8.013712,11.89558,"C",51.75534,12.168091,379,2 3,1.141821,379
"4549",2020-07-08 12:00:00,1169.8322,120.0241, 95.15883,9.121921,12.01600,"D",53.19873,12.818184,380,3 2,1.209389,380
"4561",2020-07-09 00:00:00,1707.5794,120.2660, 96.10550,8.006060,12.02215,"A",48.74586,12.478004,381,1 3,1.198554,381
"4573",2020-07-09 12:00:00,2104.4204,120.5834,113.54629,7.528763,12.04360,"B",50.02507,10.668030,382,3 2,1.163524,382
"4585",2020-07-10 00:00:00,1866.2519,121.0731,122.25820,7.330485,12.10413,"C",50.75340,13.333404,383,2 3,1.201368,383
"4597",2020-07-10 12:00:00,1481.2841,119.9520,120.31465,9.221870,11.99585,"D",52.64140,12.479502,384,3 2,1.132379,384
"4609",2020-07-11 00:00:00,1471.7871,119.6368, 99.36888,8.150022,11.96245,"A",53.78478,13.254479,385,2 1,1.217268,385
"4621",2020-07-11 12:00:00,1235.0993,120.2332, 99.42441,7.367825,12.03378,"B",49.96563,11.745996,386,2,1.202617,386
"4633",2020-07-12 00:00:00,1197.6995,119.2149, 99.40414,8.191096,11.92945,"C",52.00850,13.079508,387,2 1,1.169575,387
"4645",2020-07-12 12:00:00,1236.1254,119.4115, 94.73061,9.194714,11.93977,"D",50.71933,11.377257,388,1 3,1.100980,388
"4657",2020-07-13 00:00:00,1230.7927,119.3691, 79.86967,8.197217,11.93619,"A",52.03806,10.410171,389,3,1.111035,389
"4669",2020-07-13 12:00:00,2093.4085,119.4959, 80.27134,7.498215,11.94292,"B",47.17428,11.485048,390,3,1.158191,390
"4681",2020-07-14 00:00:00,2163.0749,120.9413, 80.46122,7.348920,12.09899,"C",51.57516,11.879271,391,1,1.183267,391
"4693",2020-07-14 12:00:00,2165.0219,121.7040, 98.51869,8.095472,12.16844,"D",51.05237,10.958280,392,1,1.093919,392
"4705",2020-07-15 00:00:00,2191.3384,122.5601,100.55809,7.547975,12.25608,"A",52.30162,12.538480,393,1 2,1.140045,393
"4717",2020-07-15 12:00:00, 977.8954,122.0604,101.14952,6.713037,12.20355,"B",52.36723,14.375498,394,2,1.189744,394
"4729",2020-07-16 00:00:00, 997.3927,123.1472,108.11583,7.445130,12.30457,"C",55.30551,14.722557,395,2,1.188804,395
"4741",2020-07-16 12:00:00,1748.6796,123.4158,107.78387,8.156366,12.33838,"D",50.32985,10.798113,396,1,1.040582,396
"4753",2020-07-17 00:00:00,1245.6171,122.7946,106.90620,7.708459,12.27665,"A",51.51154,12.771639,397,1 3,1.127069,397
"4765",2020-07-17 12:00:00, 984.8436,120.8462,107.14003,6.376022,12.09217,"B",50.30810,11.629124,398,3,1.178413,398
"4777",2020-07-18 00:00:00, 959.3399,120.3387,105.64114,7.537494,12.03369,"C",50.79178,12.375690,399,3 2,1.195821,399
"4789",2020-07-18 12:00:00,2176.0859,119.9593,106.60594,7.895869,12.01010,"D",52.54691,12.568913,400,2,1.183775,400
"4801",2020-07-19 00:00:00,1582.4254,122.1547,111.12845,7.654742,12.22121,"A",46.89399,11.052505,401,1 2,1.116576,401
"4813",2020-07-19 12:00:00,1161.2995,121.0279,111.12639,6.860837,12.09866,"B",50.18663,13.543215,402,2 1,1.196461,402
"4825",2020-07-20 00:00:00,2049.4514,119.4701,112.41228,7.874465,11.95095,"C",49.67739,12.737058,403,1 2,1.193866,403
"4837",2020-07-20 12:00:00,2205.9113,120.0179,113.27871,9.036374,12.00432,"D",49.45340,12.587823,404,2,1.217057,404
"4849",2020-07-21 00:00:00,1610.1603,120.0062,121.15109,8.413994,12.00269,"A",51.38691,13.473945,405,2,1.226466,405
"4861",2020-07-21 12:00:00,1487.4035,119.3695,122.26558,7.507397,11.93356,"B",51.86004,13.721535,406,2 3,1.225032,406
"4873",2020-07-22 00:00:00,1953.2852,121.1873,121.53102,7.603224,12.10615,"C",49.66644,11.906500,407,3,1.159720,407
"4885",2020-07-22 12:00:00,2017.8894,122.2347,121.36159,8.429369,12.22579,"D",49.30100,12.168623,408,3 1,1.081909,408
"4897",2020-07-23 00:00:00,1979.8086,122.5947,122.38572,7.539680,12.25733,"A",51.51366,11.817765,409,1,1.125242,409
"4909",2020-07-23 12:00:00,1511.4139,121.5111,122.43542,7.021673,12.14967,"B",54.51319,12.980647,410,1,1.191453,410
"4921",2020-07-24 00:00:00,1553.0435,120.8987,122.47137,7.852926,12.08892,"C",45.80527, 9.866219,411,1,1.113996,411
"4933",2020-07-24 12:00:00,1572.1516,121.2169,122.98490,8.773842,12.12312,"D",51.65331,12.451720,412,1,1.117929,412
"4945",2020-07-25 00:00:00,1782.0288,122.7051,123.31619,7.657307,12.26704,"A",51.00280,12.693196,413,1,1.131906,413
"4957",2020-07-25 12:00:00,1790.5366,121.3492,123.92340,6.903901,12.13123,"B",52.39352,14.236360,414,1 2,1.214896,414
"4969",2020-07-26 00:00:00,1476.3627,122.1182,104.17927,7.505282,12.21324,"C",55.27844,10.907271,415,2 1,1.109406,415
"4981",2020-07-26 12:00:00,1693.3506,120.0050,102.32166,8.755239,12.01043,"D",50.70027,10.897717,416,3 1,1.156632,416
"4993",2020-07-27 00:00:00,2033.7844,120.3003,102.64449,8.199257,12.03036,"A",54.07017,11.780753,417,1 2,1.138604,417
"5005",2020-07-27 12:00:00,2087.5975,120.6370, 98.39394,6.855118,12.05919,"B",52.81611,12.363502,418,2 1,1.198872,418
"5017",2020-07-28 00:00:00,2117.8201,119.9707, 98.63509,8.005659,11.99349,"C",50.28118,10.910247,419,1 3,1.190173,419
"5029",2020-07-28 12:00:00,2027.6120,121.7763, 99.57693,8.497814,12.18113,"D",48.02205,12.303348,420,3,1.097394,420
"5041",2020-07-29 00:00:00,2028.9249,121.8230,104.44619,7.883739,12.18904,"A",46.22632,12.518338,421,2,1.135622,421
"5053",2020-07-29 12:00:00,2040.5898,120.1773,118.16637,6.757249,12.01918,"B",50.80825,10.739673,422,2 3,1.159809,422
"5065",2020-07-30 00:00:00,2027.5189,118.9014,113.73308,7.818849,11.89497,"C",52.22673,11.409777,423,3,1.145630,423
"5077",2020-07-30 12:00:00,2046.9103,119.1076,112.49442,8.523115,11.90579,"D",51.00083,12.584461,424,3 1,1.142760,424
"5089",2020-07-31 00:00:00,2087.0694,119.2623,110.94309,8.281192,11.92791,"A",50.10279,11.679617,425,1 2,1.141644,425
"5101",2020-07-31 12:00:00,2107.3753,119.7045,109.17571,7.264749,11.95718,"B",52.21495,12.133717,426,1 3,1.201807,426
"5113",2020-08-01 00:00:00,1720.4848,120.9119,101.98214,7.671276,12.09272,"C",50.07031,12.010457,427,3 1,1.164945,427
"5125",2020-08-01 12:00:00,1519.4827,120.3142,101.26328,8.610124,12.03833,"D",50.48846,11.979684,428,1,1.161814,428
"5137",2020-08-02 00:00:00,1306.6228,118.5287,101.47287,8.405978,11.85511,"A",53.30219,12.484934,429,1 2,1.117020,429
"5149",2020-08-02 12:00:00,1139.0593,119.1898,101.73283,7.815181,11.91080,"B",51.29730,10.477915,430,2 1,1.127438,430
"5161",2020-08-03 00:00:00, 974.0844,118.6806,101.83880,8.053773,11.85913,"C",50.93793,12.153760,431,2 1,1.135506,431
"5173",2020-08-03 12:00:00, 956.9891,119.2626,101.35995,9.232139,11.91955,"D",51.54137,11.471550,432,1,1.117821,432
"5185",2020-08-04 00:00:00, 947.4929,120.2942,101.22185,7.959007,12.02992,"A",48.03880,11.983197,433,1,1.189265,433
"5197",2020-08-04 12:00:00,1341.0373,120.8954,101.87178,7.088282,12.09933,"B",49.87163,13.426081,434,1 2,1.259986,434
"5209",2020-08-05 00:00:00,1483.3245,120.0181,102.96101,7.547970,12.00992,"C",51.01162,12.085257,435,2,1.230921,435
"5221",2020-08-05 12:00:00,1459.2044,119.4136,103.57992,8.185616,11.93944,"D",52.40000,12.882471,436,1 2,1.186607,436
"5233",2020-08-06 00:00:00,1465.0248,119.5133,107.62435,8.416366,11.94778,"A",50.49966,13.123962,437,2 1,1.188666,437
"5245",2020-08-06 12:00:00,1411.6027,119.3668,109.84606,7.323380,11.94048,"B",51.97777,13.130778,438,1,1.223348,438
"5257",2020-08-07 00:00:00,1461.7670,119.8126,109.27043,7.975037,11.98223,"C",50.53033,12.641068,439,1,1.213465,439
"5269",2020-08-07 12:00:00,1294.9382,120.8447,108.86892,8.419094,12.09270,"D",51.60894,12.234650,440,1,1.148611,440
"5281",2020-08-08 00:00:00,2092.8709,121.2763,107.90980,8.830087,12.11856,"A",51.95244,11.319952,441,3 1,1.084887,441
"5293",2020-08-08 12:00:00,2172.2797,121.1057,100.01099,7.138761,12.11192,"B",51.53210,11.623885,442,1,1.183856,442
"5305",2020-08-09 00:00:00,1578.5787,120.5019, 99.57029,7.862055,12.05748,"C",51.87278,11.369323,443,1,1.165534,443
"5317",2020-08-09 12:00:00, 982.4049,119.4925, 99.44712,8.804667,11.95146,"D",51.02398,12.466589,444,1 2,1.167398,444
"5329",2020-08-10 00:00:00,1200.7141,118.9658, 98.84463,8.632674,11.89861,"A",51.41405,10.529428,445,2 1,1.090433,445
"5341",2020-08-10 12:00:00,2016.6542,120.0480, 98.89651,7.018036,12.01126,"B",49.91801, 9.826409,446,3,1.152461,446
"5353",2020-08-11 00:00:00,2093.9366,120.9748, 98.96509,7.143147,12.10203,"C",48.48280,12.918241,447,3 2,1.191583,447
"5365",2020-08-11 12:00:00,2183.1679,120.9526, 99.17398,8.641075,12.10099,"D",50.79800,13.200785,448,2 1,1.147258,448
"5377",2020-08-12 00:00:00,2196.7702,121.3605, 99.87816,7.960046,12.13520,"A",51.32695,12.860738,449,1 2,1.158498,449
"5389",2020-08-12 12:00:00,1819.6761,121.0227, 99.84426,7.236832,12.09885,"B",48.64985,12.127338,450,2 3,1.189868,450
"5401",2020-08-13 00:00:00,1471.0413,121.9632, 99.04092,7.498797,12.19974,"C",49.29145,11.824159,451,2 1,1.135074,451
"5413",2020-08-13 12:00:00,1348.7633,121.3789, 98.67725,8.424690,12.14081,"D",52.30453,13.519225,452,1 3,1.146306,452
"5425",2020-08-14 00:00:00,1382.3502,121.7036, 98.49935,8.028841,12.17786,"A",50.61810,11.959651,453,3 2,1.117623,453
"5437",2020-08-14 12:00:00,1359.8715,120.4606, 97.33326,7.220986,12.04001,"B",51.24449,12.127362,454,2 1,1.218657,454
"5449",2020-08-15 00:00:00,1580.0575,120.8108, 96.63178,7.746883,12.08326,"C",47.69021,12.900586,455,1 2,1.183516,455
"5461",2020-08-15 12:00:00,2216.5213,120.9487, 96.81977,7.970983,12.10115,"D",48.39232,11.235234,456,3,1.134899,456
"5473",2020-08-16 00:00:00,1497.9762,120.8456, 97.08357,8.010538,12.07873,"A",46.97439,10.827834,457,3,1.129136,457
"5485",2020-08-16 12:00:00,1890.9234,119.9820, 98.25776,7.896564,11.99756,"B",50.47984,11.575058,458,3 1,1.174526,458
"5497",2020-08-17 00:00:00,1154.4067,121.0346, 99.67506,7.796457,12.10947,"C",49.66114,12.204176,459,1 2,1.157805,459
"5509",2020-08-17 12:00:00,2132.2307,123.6492, 99.41776,8.294362,12.36686,"D",48.65989,12.040288,460,2 1,1.046835,460
"5521",2020-08-18 00:00:00,2243.8086,123.1247, 98.72366,7.703991,12.30879,"A",52.15928,12.147506,461,2 1,1.111896,461
"5533",2020-08-18 12:00:00,2258.1131,119.6518, 98.90818,6.835321,11.96137,"B",52.90523,12.220787,462,1 3,1.173809,462
"5545",2020-08-19 00:00:00,2268.1810,118.4631, 85.82547,8.099069,11.84112,"C",52.57805,12.182830,463,3,1.124317,463
"5557",2020-08-19 12:00:00,2023.8199,122.4659,107.50390,8.286280,12.24734,"D",52.34308,13.888817,464,3 1,1.113645,464
"5569",2020-08-20 00:00:00,1424.3789,124.2749,101.29921,7.941175,12.43046,"A",53.22437,12.041559,465,1 3,1.068601,465
"5581",2020-08-20 12:00:00,1328.4299,122.4938,105.81766,6.696282,12.24390,"B",49.59745, 8.109973,466,3,1.068826,466
"5593",2020-08-21 00:00:00,1172.7180,121.2652,106.39408,7.724168,12.11832,"C",49.95741,11.584095,467,3 1,1.140761,467
"5605",2020-08-21 12:00:00,1182.0774,121.5268,105.44538,8.672428,12.15254,"D",53.25511,13.768730,468,1,1.133668,468
"5617",2020-08-22 00:00:00,1177.3160,121.3709,106.04387,7.683112,12.13595,"A",53.80858,12.299903,469,1 2,1.158153,469
"5629",2020-08-22 12:00:00,1239.3636,119.0126,106.10490,7.501376,11.90686,"B",49.86593,13.129497,470,2 1,1.197562,470
"5641",2020-08-23 00:00:00,1352.6171,119.9356,105.83763,8.008216,11.99754,"C",50.93174,11.919440,471,2 1,1.155741,471
"5653",2020-08-23 12:00:00,2224.7177,120.0408,105.72711,8.595763,12.00061,"D",51.95584,11.171587,472,1,1.132238,472
"5665",2020-08-24 00:00:00,2184.1844,119.4542,106.31351,8.282407,11.94974,"A",50.95893,10.686639,473,1 3,1.135365,473
"5677",2020-08-24 12:00:00,2144.3306,119.5586,106.28585,7.405993,11.95513,"B",50.87363,11.530379,474,3,1.192169,474
"5689",2020-08-25 00:00:00,2147.3045,119.9905,106.19332,8.047965,11.98944,"C",49.02586,11.511484,475,3,1.203980,475
"5701",2020-08-25 12:00:00,2169.4713,120.6764,105.37248,8.467178,12.07979,"D",50.36459,10.202462,476,1 3,1.095257,476
"5713",2020-08-26 00:00:00,2208.0782,124.9051,105.57936,7.124853,12.49724,"A",51.70185,12.008572,477,3,1.166551,477
"5725",2020-08-26 12:00:00,2198.1373,121.4409,110.03173,6.799979,12.13991,"B",52.60952,11.444950,478,3,1.177592,478
"5737",2020-08-27 00:00:00,2201.6702,120.2268,116.91027,7.968930,12.02187,"C",53.88956,12.215232,479,3,1.210081,479
"5749",2020-08-27 12:00:00,2210.3996,121.9389,116.98174,8.413837,12.19555,"D",50.97040,13.198342,480,3 2,1.132885,480
"5761",2020-08-28 00:00:00,1793.4938,124.0325,116.55867,7.361887,12.39902,"A",50.29930,12.003532,481,1 2,1.136475,481
"5773",2020-08-28 12:00:00,1333.7693,119.6022,115.65288,6.846295,11.96789,"B",50.15349,12.179741,482,2 3,1.193304,482
"5785",2020-08-29 00:00:00,1441.9193,120.0443,114.74311,7.974924,12.00862,"C",50.62302,11.735973,483,3,1.201471,483
"5797",2020-08-29 12:00:00,1217.5651,120.0897,105.55721,8.638137,12.00961,"D",52.82889,13.438249,484,3 2,1.229870,484
"5809",2020-08-30 00:00:00,1676.9710,120.1785, 96.66739,8.482168,12.00853,"A",50.78117,10.390683,485,2 1,1.167397,485
"5821",2020-08-30 12:00:00,2169.0335,120.6826, 96.16348,7.645166,12.06533,"B",49.69568,11.866019,486,3 1,1.174709,486
"5833",2020-08-31 00:00:00,2177.3142,120.1826, 99.48585,7.780124,12.02702,"C",49.72155,12.438088,487,1 2,1.207519,487
"5845",2020-08-31 12:00:00,1979.8621,122.8376,100.48423,8.546490,12.28863,"D",50.14259,12.127675,488,2 3,1.054077,488
"5857",2020-09-01 00:00:00,1257.6901,123.2755,100.53307,7.882811,12.33134,"A",49.60698,12.564653,489,3 1,1.101293,489
"5869",2020-09-01 12:00:00,1125.1866,123.1055,101.88538,6.528315,12.31328,"B",47.94442,11.708868,490,1 3,1.102381,490
"5881",2020-09-02 00:00:00,1529.3629,118.9305,109.41340,8.186770,11.89045,"C",48.49303,11.874546,491,1 2,1.131141,491
"5893",2020-09-02 12:00:00,2252.4323,119.0289,110.02527,8.958105,11.90600,"D",49.51624,12.385845,492,2 3,1.119832,492
"5905",2020-09-03 00:00:00,1713.0794,119.0988,101.69942,8.694490,11.91195,"A",49.01031,12.535380,493,3 2,1.135570,493
"5917",2020-09-03 12:00:00,1556.3972,119.1367,102.33235,8.048026,11.92126,"B",49.28545,12.938855,494,2,1.168187,494
"5929",2020-09-04 00:00:00,1556.1993,119.0949,110.06033,8.109448,11.90480,"C",52.56181,12.349443,495,2 3,1.152290,495
"5941",2020-09-04 12:00:00,1491.8890,119.5560,120.81396,9.007616,11.95742,"D",52.44110,11.546815,496,3 1,1.116008,496
"5953",2020-09-05 00:00:00,1289.8962,122.2187,107.07153,8.318635,12.23650,"A",52.43936,13.684073,497,1 2,1.124102,497
"5965",2020-09-05 12:00:00, 964.9453,119.8673, 91.11083,7.427088,11.98055,"B",48.31102,10.334803,498,2 3,1.151138,498
"5977",2020-09-06 00:00:00, 975.3962,120.0740, 98.98098,8.016555,12.00497,"C",48.26401,11.806805,499,3,1.203486,499
"5989",2020-09-06 12:00:00,1196.1029,119.3182, 98.41321,9.061575,11.93206,"D",48.20502,12.640081,500,3 2,1.137740,500
"6001",2020-09-07 00:00:00,2011.7732,119.0152, 99.06282,8.164371,11.89490,"A",49.73687,11.424312,501,3,1.127511,501
"6013",2020-09-07 12:00:00,1977.7530,119.0669, 97.50000,7.118127,11.90396,"B",51.69340,11.078814,502,3 2,1.189955,502
"6025",2020-09-08 00:00:00,1680.0557,118.7133, 96.55592,8.161049,11.87266,"C",51.98522,10.957307,503,2 3,1.105189,503
"6037",2020-09-08 12:00:00,1201.6846,120.1859, 96.43140,8.150856,12.02566,"D",52.34234,12.870523,504,3 2,1.209321,504
"6049",2020-09-09 00:00:00,1765.0963,120.9482,106.39072,7.800632,12.09194,"A",49.49989,12.829078,505,2 3,1.174050,505
"6061",2020-09-09 12:00:00,1763.8824,120.8382,113.31931,7.857237,12.08256,"B",51.46139,11.699205,506,1,1.153562,506
"6073",2020-09-10 00:00:00,1493.4855,121.0312,113.87840,7.821908,12.10362,"C",52.24258,13.207269,507,1 2,1.176489,507
"6085",2020-09-10 12:00:00,1490.5573,124.0853,113.64206,8.021943,12.40258,"D",49.43064,12.043413,508,2 3,1.058482,508
"6097",2020-09-11 00:00:00,1742.6340,124.6843,113.82709,7.196282,12.47438,"A",51.68691,11.208191,509,3 1,1.145461,509
"6109",2020-09-11 12:00:00,2005.8930,121.5229,110.41161,7.106516,12.14783,"B",51.69627,12.876141,510,1 2,1.219154,510
"6121",2020-09-12 00:00:00,2077.4563,121.1026,110.40192,7.793141,12.11183,"C",49.16275,11.668770,511,1 3,1.144344,511
"6133",2020-09-12 12:00:00,2094.5668,120.2140,109.85548,8.857498,12.02147,"D",49.82260,11.264557,512,3 2,1.147696,512
"6145",2020-09-13 00:00:00,2064.7705,120.1496,109.71402,8.102475,12.01306,"A",50.46289,12.556657,513,2 3,1.204452,513
"6157",2020-09-13 12:00:00,2071.6179,120.8466, 93.34039,7.761630,12.08369,"B",50.39799,11.319269,514,3,1.149190,514
"6169",2020-09-14 00:00:00,2076.7424,121.1987, 81.36758,7.604005,12.12490,"C",50.08550,12.112567,515,3,1.156461,515
"6181",2020-09-14 12:00:00,2082.8480,123.7332, 91.70064,8.277514,12.36398,"D",48.85755,11.183970,516,3,1.028176,516
"6193",2020-09-15 00:00:00,2099.9188,124.0982, 96.41781,7.255715,12.41852,"A",53.33894,11.268966,517,3 2,1.129467,517
"6205",2020-09-15 12:00:00,1972.8969,121.5509, 96.74940,6.877457,12.15387,"B",51.18495,11.889907,518,2 3,1.181136,518
"6217",2020-09-16 00:00:00,1320.0206,123.1530, 96.25529,7.382814,12.31002,"C",49.78283,11.794021,519,3 2,1.128860,519
"6229",2020-09-16 12:00:00,1525.0708,121.9860, 96.84211,8.662800,12.19313,"D",48.53478,15.160603,520,2,1.144704,520
"6241",2020-09-17 00:00:00,1546.5862,122.9656, 97.01024,7.760247,12.30361,"A",52.55352,12.351845,521,1 2,1.114420,521
"6253",2020-09-17 12:00:00,2000.7623,120.9467, 97.59805,6.963762,12.10554,"B",52.69299,11.848619,522,2 1,1.193480,522
"6265",2020-09-18 00:00:00,1207.8753,119.7789, 97.98162,7.832223,11.97881,"C",51.37295,11.758747,523,1 3,1.192957,523
"6277",2020-09-18 12:00:00,1192.8520,118.8380, 98.04418,8.959760,11.89125,"D",51.12009,11.721729,524,3 2,1.095376,524
"6289",2020-09-19 00:00:00,1323.5200,118.3820, 98.31784,8.462363,11.83744,"A",50.40089,12.204376,525,2 1,1.102631,525
"6301",2020-09-19 12:00:00,1202.5093,119.7713, 98.17319,7.513177,11.98290,"B",48.43803,12.725533,526,3 1,1.176905,526
"6313",2020-09-20 00:00:00,1748.4265,120.0993,113.81571,7.883852,12.01218,"C",54.11912,12.939315,527,1,1.229859,527
"6325",2020-09-20 12:00:00,2017.3347,123.2517,114.55115,8.119352,12.33062,"D",51.66470,12.394585,528,1 2,1.076493,528
"6337",2020-09-21 00:00:00,2012.0312,124.3163,115.01152,7.221338,12.42537,"A",49.76744,13.171599,529,2,1.177946,529
"6349",2020-09-21 12:00:00,1501.1937,121.7069,114.86689,6.850131,12.17590,"B",51.56922,13.936172,530,2,1.224879,530
"6361",2020-09-22 00:00:00,1018.7101,121.8551,115.08688,7.613305,12.18635,"C",53.10510,12.982660,531,3 2,1.155014,531
"6373",2020-09-22 12:00:00,1774.9251,121.7110,115.72361,8.543258,12.17148,"D",52.86073,11.742067,532,2 3,1.091001,532
"6385",2020-09-23 00:00:00,1350.8045,123.4042,112.44797,7.514283,12.35315,"A",51.81314,10.931826,533,3,1.107247,533
"6397",2020-09-23 12:00:00,1233.1094,121.1614,109.15477,6.699611,12.12008,"B",53.30786,11.598633,534,3 1,1.152493,534
"6409",2020-09-24 00:00:00,1197.4047,119.1210,109.20406,7.321986,11.90931,"C",51.50649,11.753138,535,1 3,1.195945,535
"6421",2020-09-24 12:00:00,1178.2509,119.4096,109.42625,9.038213,11.93695,"D",53.90195,11.669278,536,2 3,1.137026,536
"6433",2020-09-25 00:00:00,1219.5794,119.9130,108.43762,8.181112,11.99500,"A",51.91445,11.058197,537,3,1.186831,537
"6445",2020-09-25 12:00:00,1560.4609,121.5567,109.55557,6.895913,12.15841,"B",50.61523,11.574151,538,3 1,1.148395,538
"6457",2020-09-26 00:00:00,1558.4988,120.4563,103.29902,7.911051,12.04391,"C",50.90814,11.729327,539,1,1.173030,539
"6469",2020-09-26 12:00:00,1206.7190,119.9544, 94.39973,8.553516,11.99143,"D",52.38115,14.610963,540,1 2,1.215173,540
"6481",2020-09-27 00:00:00,1368.5775,120.5713, 94.08468,7.958156,12.05439,"A",50.93747,14.076213,541,2,1.211192,541
"6493",2020-09-27 12:00:00,1995.8728,120.2417, 93.89924,7.134955,12.01484,"B",48.62190,11.102355,542,2 3,1.182993,542
"6505",2020-09-28 00:00:00,1995.6312,119.1225, 93.84001,7.745056,11.91298,"C",48.06295,11.005440,543,3,1.142304,543
"6517",2020-09-28 12:00:00,2024.6130,119.5041, 93.21090,8.521470,11.94715,"D",47.72784,12.569052,544,3 2,1.171597,544
"6529",2020-09-29 00:00:00,2035.0475,120.2235, 93.29906,7.901563,12.01742,"A",49.93782,12.436235,545,2 3,1.208251,545
"6541",2020-09-29 12:00:00,2051.8259,120.4206, 94.22497,7.054789,12.05366,"B",51.36495,13.613338,546,1 3,1.261244,546
"6553",2020-09-30 00:00:00,1633.3593,120.9594, 93.41479,6.971702,12.09807,"C",50.43532,11.230754,547,3,1.174313,547
"6565",2020-09-30 12:00:00,1288.9821,120.7691, 92.93980,8.406043,12.07093,"D",51.52571,11.094491,548,3,1.119784,548
